filename,TotalTime
20190311 test imaging time protocol 2_190311_165300.txt,1.62166666666667
20190313 test imaging time disc kinet_190313_085226 good.txt,0.145555555555556
